{
  "augmentation_ratio": 1.0,
  "strategy": "combine",
  "n_real": 528,
  "n_synthetic": 528,
  "total_samples": 1056,
  "quality_metrics": {
    "statistical": {
      "mean_difference": 0.07206739485263824,
      "std_difference": 0.29344770312309265,
      "variance_ratio": 0.5052719712257385,
      "real_range": [
        -6.561686038970947,
        10.857300758361816
      ],
      "synthetic_range": [
        -5.520786285400391,
        6.166841506958008
      ],
      "range_overlap": 0.6709705591201782
    },
    "distribution": {
      "ks_statistic_mean": 0.18920454545454551,
      "ks_statistic_std": 0.08698997856375994,
      "ks_pvalue_mean": 0.0044543990019759745,
      "wasserstein_distance_mean": 0.2876309015049725,
      "wasserstein_distance_std": 0.07614461462119476,
      "n_features_tested": 100
    },
    "correlation": {
      "correlation_difference": 0.00019841306315815943,
      "mean_abs_correlation_diff": 0.07983321123629444,
      "n_features_tested": 500
    },
    "dimensionality": {
      "pca_variance_ratio_mean": 0.4397856891155243,
      "pca_variance_ratio_std": 0.14121635258197784,
      "pc_mean_difference": 0.31092172861099243,
      "pc_std_difference": 1.293952465057373,
      "n_components": 50
    },
    "quality_score": {
      "score": 2,
      "max_score": 4,
      "level": "Acceptable",
      "recommendation": "Acceptable - may need hyperparameter tuning",
      "details": {
        "mean_test": "PASS",
        "variance_test": "FAIL (ratio=0.5053)",
        "distribution_test": "FAIL (KS=0.1892)",
        "correlation_test": "PASS"
      }
    }
  }
}